<Customization level="" description="" product-version="25.93">
    <File AppRelativePath="Bin\Acumatica.ADPCGateway.dll" />
    <File AppRelativePath="Bin\Acumatica.ADPCGateway.pdb" />
    <File AppRelativePath="Bin\Acumatica.RESTClient.ContractBasedApi.dll" Tool3rdParty="True" />
    <File AppRelativePath="Bin\Acumatica.RESTClient.dll" Tool3rdParty="True" />
    <File AppRelativePath="Bin\AcumaticaDummyCreditCardPlugin.dll" />
    <File AppRelativePath="Bin\AcumaticaDummyCreditCardPlugin.pdb" />
    <File AppRelativePath="Bin\JsonSubTypes.dll" Tool3rdParty="True" />
    <File AppRelativePath="Frames\ADCPPaymentConnector.html" />
    <Info IsISV="True" Initials="ADCP" />
</Customization>